<?xml version="1.0"?>
<!--<!DOCTYPE metadata SYSTEM "http://www.esri.com/metadata/esriprof80.dtd">-->
<metadata xml:lang="es"><Esri><CreaDate>20110124</CreaDate><CreaTime>09290900</CreaTime><SyncOnce>FALSE</SyncOnce><DataProperties><lineage><Process Name="Create Feature Class" ToolSource="C:\Archivos de programa\ArcGIS\ArcToolbox\Toolboxes\Data Management Tools.tbx\CreateFeatureclass" Date="20050201" Time="160811">CreateFeatureclass D:\INE_2002\data.mdb Chile_distritos # Chile_Layer SAME_AS_TEMPLATE SAME_AS_TEMPLATE "PROJCS['WGS_1984_UTM_Zone_18S',GEOGCS['GCS_WGS_1984',DATUM['D_WGS_1984',SPHEROID['WGS_1984',6378137.0,298.257223563]],PRIMEM['Greenwich',0.0],UNIT['Degree',0.0174532925199433]],PROJECTION['Transverse_Mercator'],PARAMETER['False_Easting',500000.0],PARAMETER['False_Northing',10000000.0],PARAMETER['Central_Meridian',-75.0],PARAMETER['Scale_Factor',0.9996],PARAMETER['Latitude_Of_Origin',0.0],UNIT['Meter',1.0]];-7969243,403971 -2883105,015654 122,070312;0,000000 100000,000000;0,000000 100000,000000" # 0 0 0 D:\INE_2002\data.mdb\Chile_distritos</Process><Process Name="Append" ToolSource="C:\Archivos de programa\ArcGIS\ArcToolbox\Toolboxes\Data Management Tools.tbx\Append" Date="20050201" Time="160829">Append Chile_Layer D:\INE_2002\data.mdb\Chile_distritos TEST D:\INE_2002\data.mdb\Chile_distritos</Process><Process Name="FeatureClassToFeatureClass_13" ToolSource="C:\Archivos de programa\ArcGIS\ArcToolbox\Toolboxes\Conversion Tools.tbx\FeatureClassToFeatureClass" Date="20050201" Time="160829">FeatureClassToFeatureClass D:\INE_2002\Chile.shp D:\INE_2002\data.mdb Chile_distritos # "ID ID VISIBLE;COD_INE COD_INE VISIBLE;COD_REG COD_REG VISIBLE;NOM_REG NOM_REG VISIBLE;COD_PROV COD_PROV VISIBLE;NOM_PROV NOM_PROV VISIBLE;COD_COM COD_COM VISIBLE;NOM_COM NOM_COM VISIBLE;COD_DIS COD_DIS VISIBLE;NOM_DIS NOM_DIS VISIBLE;SOURCETHM SOURCETHM VISIBLE" SAME_AS_TEMPLATE SAME_AS_TEMPLATE # 0 D:\INE_2002\data.mdb\Chile_distritos</Process><Process Name="Dissolve_1" ToolSource="C:\Archivos de programa\ArcGIS\ArcToolbox\Toolboxes\Data Management Tools.tbx\Dissolve" Date="20050930" Time="111153">Dissolve Chile_distritos "D:\INE_2002\data.mdb\Limites Chile\Chile_distritos_Dissolve" NOM_REG;NOM_PROV;NOM_COM # MULTI_PART</Process><Process ToolSource="C:\Archivos de programa\ArcGIS\ArcToolbox\Toolboxes\Data Management Tools.tbx\CopyFeatures" Date="20060216" Time="121855">CopyFeatures D:\Trabajo\Cartografia_base_2006\Cartografia_base_2006.mdb\Datos_Finales\Limite_Comunal D:\Trabajo\Cartografia_base_2006\Cartografia_2006.mdb\Datos_finales\Limite_Comunal # 0 0 0</Process><Process Name="FeatureClassToFeatureClass_1" ToolSource="C:\Archivos de programa\ArcGIS\ArcToolbox\Toolboxes\Conversion Tools.tbx\FeatureClassToFeatureClass" Date="20070824" Time="162347">FeatureClassToFeatureClass \\Canelo\D\Backup_canelo\Trabajo\Cartografia_base_2006\Cartografia_2006.mdb\Datos_finales\Limite_Comunal "D:\Chile 2007" comunas.shp # "NOM_REG NOM_REG true true false 50 Text 0 0 ,First,#,\\Canelo\D\Backup_canelo\Trabajo\Cartografia_base_2006\Cartografia_2006.mdb\Datos_finales\Limite_Comunal,NOM_REG,-1,-1;NOM_PROV NOM_PROV true true false 20 Text 0 0 ,First,#,\\Canelo\D\Backup_canelo\Trabajo\Cartografia_base_2006\Cartografia_2006.mdb\Datos_finales\Limite_Comunal,NOM_PROV,-1,-1;COD_COM COD_COM true true false 5 Text 0 0 ,First,#,\\Canelo\D\Backup_canelo\Trabajo\Cartografia_base_2006\Cartografia_2006.mdb\Datos_finales\Limite_Comunal,COD_COM,-1,-1;NOM_COM NOM_COM true true false 30 Text 0 0 ,First,#,\\Canelo\D\Backup_canelo\Trabajo\Cartografia_base_2006\Cartografia_2006.mdb\Datos_finales\Limite_Comunal,NOM_COM,-1,-1;Shape_Leng Shape_Length false true true 8 Double 0 0 ,First,#,\\Canelo\D\Backup_canelo\Trabajo\Cartografia_base_2006\Cartografia_2006.mdb\Datos_finales\Limite_Comunal,Shape_Length,-1,-1;Shape_Area Shape_Area false true true 8 Double 0 0 ,First,#,\\Canelo\D\Backup_canelo\Trabajo\Cartografia_base_2006\Cartografia_2006.mdb\Datos_finales\Limite_Comunal,Shape_Area,-1,-1" # "D:\Chile 2007\comunas.shp"</Process><Process ToolSource="C:\Archivos de programa\ArcGIS\ArcToolbox\Toolboxes\Data Management Tools.tbx\CopyFeatures" Date="20080311" Time="173238">CopyFeatures D:\nuevascapas2007\base2008.mdb\provincias2008 "Database Connections\base_cartog.sde\sde.SDE.Politico_administrativo\sde.SDE.provincias2008" # 0 0 0</Process><Process ToolSource="C:\Archivos de programa\ArcGIS\ArcToolbox\Toolboxes\Data Management Tools.tbx\CopyFeatures" Date="20110124" Time="103248">CopyFeatures C:\TEMP\transparencia\basedato.mdb\division_provincial C:\TEMP\transparencia\shapes\division_provincial.shp # 0 0 0</Process></lineage></DataProperties><SyncDate>20110124</SyncDate><SyncTime>10324600</SyncTime><ModDate>20110124</ModDate><ModTime>10324600</ModTime><MetaID>{DC338E3E-DE90-43C5-A6C3-FA16518FF3E3}</MetaID></Esri><idinfo><native Sync="TRUE">Microsoft Windows XP Version 5.1 (Build 2600) Service Pack 3; ESRI ArcCatalog 9.3.1.4000</native><descript><langdata Sync="TRUE">es</langdata><abstract>REQUIRED: A brief narrative summary of the data set.</abstract><purpose>REQUIRED: A summary of the intentions with which the data set was developed.</purpose></descript><citation><citeinfo><origin>REQUIRED: The name of an organization or individual that developed the data set.</origin><pubdate>REQUIRED: The date when the data set is published or otherwise made available for release.</pubdate><title Sync="TRUE">division_provincial</title><ftname Sync="TRUE">division_provincial</ftname><geoform Sync="TRUE">vector digital data</geoform><onlink Sync="TRUE">\\BCN5419\C$\TEMP\transparencia\shapes\division_provincial.shp</onlink></citeinfo></citation><timeperd><current>REQUIRED: The basis on which the time period of content information is determined.</current><timeinfo><sngdate><caldate>REQUIRED: The year (and optionally month, or month and day) for which the data set corresponds to the ground.</caldate></sngdate></timeinfo></timeperd><status><progress>REQUIRED: The state of the data set.</progress><update>REQUIRED: The frequency with which changes and additions are made to the data set after the initial data set is completed.</update></status><spdom><bounding><westbc Sync="TRUE">-77.105551</westbc><eastbc Sync="TRUE">-65.721719</eastbc><northbc Sync="TRUE">-17.441370</northbc><southbc Sync="TRUE">-55.991887</southbc></bounding><lboundng><leftbc Sync="TRUE">-8496.121300</leftbc><rightbc Sync="TRUE">704690.560200</rightbc><bottombc Sync="TRUE">3794823.357600</bottombc><topbc Sync="TRUE">8065244.001300</topbc></lboundng></spdom><keywords><theme><themekt>REQUIRED: Reference to a formally registered thesaurus or a similar authoritative source of theme keywords.</themekt><themekey>REQUIRED: Common-use word or phrase used to describe the subject of the data set.</themekey></theme></keywords><accconst>REQUIRED: Restrictions and legal prerequisites for accessing the data set.</accconst><useconst>REQUIRED: Restrictions and legal prerequisites for using the data set after access is granted.</useconst><natvform Sync="TRUE">Shapefile</natvform></idinfo><dataIdInfo><envirDesc Sync="TRUE">Microsoft Windows XP Version 5.1 (Build 2600) Service Pack 3; ESRI ArcCatalog 9.3.1.4000</envirDesc><dataLang><languageCode Sync="TRUE" value="es"></languageCode></dataLang><idCitation><resTitle Sync="TRUE">division_provincial</resTitle><presForm><PresFormCd Sync="TRUE" value="005"></PresFormCd></presForm></idCitation><spatRpType><SpatRepTypCd Sync="TRUE" value="001"></SpatRepTypCd></spatRpType><dataExt><geoEle><GeoBndBox esriExtentType="native"><westBL Sync="TRUE">-8496.1213</westBL><eastBL Sync="TRUE">704690.5602</eastBL><northBL Sync="TRUE">8065244.0013</northBL><southBL Sync="TRUE">3794823.3576</southBL><exTypeCode Sync="TRUE">1</exTypeCode></GeoBndBox></geoEle></dataExt><geoBox esriExtentType="decdegrees"><westBL Sync="TRUE">-77.105551</westBL><eastBL Sync="TRUE">-65.721719</eastBL><northBL Sync="TRUE">-17.44137</northBL><southBL Sync="TRUE">-55.991887</southBL><exTypeCode Sync="TRUE">1</exTypeCode></geoBox></dataIdInfo><metainfo><langmeta Sync="TRUE">es</langmeta><metstdn Sync="TRUE">FGDC Content Standards for Digital Geospatial Metadata</metstdn><metstdv Sync="TRUE">FGDC-STD-001-1998</metstdv><mettc Sync="TRUE">local time</mettc><metc><cntinfo><cntorgp><cntper>REQUIRED: The person responsible for the metadata information.</cntper><cntorg>REQUIRED: The organization responsible for the metadata information.</cntorg></cntorgp><cntaddr><addrtype>REQUIRED: The mailing and/or physical address for the organization or individual.</addrtype><city>REQUIRED: The city of the address.</city><state>REQUIRED: The state or province of the address.</state><postal>REQUIRED: The ZIP or other postal code of the address.</postal></cntaddr><cntvoice>REQUIRED: The telephone number by which individuals can speak to the organization or individual.</cntvoice></cntinfo></metc><metd Sync="TRUE">20110124</metd><metextns><onlink Sync="TRUE">http://www.esri.com/metadata/esriprof80.html</onlink><metprof Sync="TRUE">ESRI Metadata Profile</metprof></metextns></metainfo><mdLang><languageCode Sync="TRUE" value="es"></languageCode></mdLang><mdStanName Sync="TRUE">ISO 19115 Geographic Information - Metadata</mdStanName><mdStanVer Sync="TRUE">DIS_ESRI1.0</mdStanVer><mdChar><CharSetCd Sync="TRUE" value="004"></CharSetCd></mdChar><mdHrLv><ScopeCd Sync="TRUE" value="005"></ScopeCd></mdHrLv><mdHrLvName Sync="TRUE">dataset</mdHrLvName><distinfo><resdesc Sync="TRUE">Downloadable Data</resdesc><stdorder><digform><digtinfo><transize Sync="TRUE">0,000</transize><dssize Sync="TRUE">0,000</dssize></digtinfo></digform></stdorder></distinfo><distInfo><distributor><distorTran><onLineSrc><orDesc Sync="TRUE">002</orDesc><linkage Sync="TRUE">file://\\BCN5419\C$\TEMP\transparencia\shapes\division_provincial.shp</linkage><protocol Sync="TRUE">Local Area Network</protocol></onLineSrc><transSize Sync="TRUE">0,000</transSize></distorTran><distorFormat><formatName Sync="TRUE">Shapefile</formatName></distorFormat></distributor></distInfo><spdoinfo><direct Sync="TRUE">Vector</direct><ptvctinf><esriterm Name="division_provincial"><efeatyp Sync="TRUE">Simple</efeatyp><efeageom Sync="TRUE">Polygon</efeageom><esritopo Sync="TRUE">FALSE</esritopo><efeacnt Sync="TRUE">0</efeacnt><spindex Sync="TRUE">FALSE</spindex><linrefer Sync="TRUE">FALSE</linrefer></esriterm><sdtsterm Name="division_provincial"><sdtstype Sync="TRUE">G-polygon</sdtstype><ptvctcnt Sync="TRUE">0</ptvctcnt></sdtsterm></ptvctinf></spdoinfo><spref><horizsys><cordsysn><geogcsn Sync="TRUE">GCS_WGS_1984</geogcsn><projcsn Sync="TRUE">WGS_1984_UTM_Zone_19S</projcsn></cordsysn><planar><planci><plance Sync="TRUE">coordinate pair</plance><plandu Sync="TRUE">meters</plandu><coordrep><absres Sync="TRUE">0.000000</absres><ordres Sync="TRUE">0.000000</ordres></coordrep></planci><gridsys><gridsysn Sync="TRUE">Universal Transverse Mercator</gridsysn><utm><utmzone Sync="TRUE">-19</utmzone><transmer><sfctrmer Sync="TRUE">0.999600</sfctrmer><longcm Sync="TRUE">-69.000000</longcm><latprjo Sync="TRUE">0.000000</latprjo><feast Sync="TRUE">500000.000000</feast><fnorth Sync="TRUE">10000000.000000</fnorth></transmer></utm></gridsys></planar><geodetic><horizdn Sync="TRUE">D_WGS_1984</horizdn><ellips Sync="TRUE">WGS_1984</ellips><semiaxis Sync="TRUE">6378137.000000</semiaxis><denflat Sync="TRUE">298.257224</denflat></geodetic></horizsys><vertdef><altsys><altenc Sync="TRUE">Explicit elevation coordinate included with horizontal coordinates</altenc><altres Sync="TRUE">1.000000</altres></altsys></vertdef></spref><refSysInfo><RefSystem><refSysID><identCode Sync="TRUE">WGS_1984_UTM_Zone_19S</identCode></refSysID></RefSystem></refSysInfo><spatRepInfo><VectSpatRep><topLvl><TopoLevCd Sync="TRUE" value="001"></TopoLevCd></topLvl><geometObjs Name="division_provincial"><geoObjTyp><GeoObjTypCd Sync="TRUE" value="001"></GeoObjTypCd></geoObjTyp><geoObjCnt Sync="TRUE">0</geoObjCnt></geometObjs></VectSpatRep></spatRepInfo><eainfo><detailed Name="division_provincial"><enttyp><enttypl Sync="TRUE">division_provincial</enttypl><enttypt Sync="TRUE">Feature Class</enttypt><enttypc Sync="TRUE">0</enttypc></enttyp><attr><attrlabl Sync="TRUE">FID</attrlabl><attalias Sync="TRUE">FID</attalias><attrtype Sync="TRUE">OID</attrtype><attwidth Sync="TRUE">4</attwidth><atprecis Sync="TRUE">0</atprecis><attscale Sync="TRUE">0</attscale><attrdef Sync="TRUE">Internal feature number.</attrdef><attrdefs Sync="TRUE">ESRI</attrdefs><attrdomv><udom Sync="TRUE">Sequential unique whole numbers that are automatically generated.</udom></attrdomv></attr><attr><attrlabl Sync="TRUE">Shape</attrlabl><attalias Sync="TRUE">Shape</attalias><attrtype Sync="TRUE">Geometry</attrtype><attwidth Sync="TRUE">0</attwidth><atprecis Sync="TRUE">0</atprecis><attscale Sync="TRUE">0</attscale><attrdef Sync="TRUE">Feature geometry.</attrdef><attrdefs Sync="TRUE">ESRI</attrdefs><attrdomv><udom Sync="TRUE">Coordinates defining the features.</udom></attrdomv></attr><attr><attrlabl Sync="TRUE">NOM_REG</attrlabl><attalias Sync="TRUE">NOM_REG</attalias><attrtype Sync="TRUE">String</attrtype><attwidth Sync="TRUE">50</attwidth></attr><attr><attrlabl Sync="TRUE">NOM_PROV</attrlabl><attalias Sync="TRUE">NOM_PROV</attalias><attrtype Sync="TRUE">String</attrtype><attwidth Sync="TRUE">20</attwidth></attr><attr><attrlabl Sync="TRUE">Shape_Leng</attrlabl><attalias Sync="TRUE">SHAPE_LENG</attalias><attrtype Sync="TRUE">Double</attrtype><attwidth Sync="TRUE">19</attwidth><atprecis Sync="TRUE">0</atprecis><attscale Sync="TRUE">0</attscale></attr><attr><attrlabl Sync="TRUE">COD_REGI</attrlabl><attalias Sync="TRUE">COD_REGI</attalias><attrtype Sync="TRUE">Float</attrtype><attwidth Sync="TRUE">19</attwidth><atnumdec Sync="TRUE">11</atnumdec></attr><attr><attrlabl Sync="TRUE">COD_PROV</attrlabl><attalias Sync="TRUE">COD_PROV</attalias><attrtype Sync="TRUE">Float</attrtype><attwidth Sync="TRUE">19</attwidth><atnumdec Sync="TRUE">11</atnumdec></attr><attr><attrlabl Sync="TRUE">SUPERFICIE</attrlabl><attalias Sync="TRUE">SUPERFICIE</attalias><attrtype Sync="TRUE">Float</attrtype><attwidth Sync="TRUE">19</attwidth><atnumdec Sync="TRUE">11</atnumdec></attr><attr><attrlabl Sync="TRUE">POBLAC</attrlabl><attalias Sync="TRUE">POBLAC</attalias><attrtype Sync="TRUE">Number</attrtype><attwidth Sync="TRUE">9</attwidth></attr><attr><attrlabl Sync="TRUE">POBLA2010</attrlabl><attalias Sync="TRUE">POBLA2010</attalias><attrtype Sync="TRUE">Number</attrtype><attwidth Sync="TRUE">9</attwidth></attr><attr><attrlabl Sync="TRUE">SHAPE_Le_1</attrlabl><attalias Sync="TRUE">SHAPE_Le_1</attalias><attrtype Sync="TRUE">Float</attrtype><attwidth Sync="TRUE">19</attwidth><atnumdec Sync="TRUE">11</atnumdec></attr><attr><attrlabl Sync="TRUE">SHAPE_Area</attrlabl><attalias Sync="TRUE">SHAPE_Area</attalias><attrtype Sync="TRUE">Float</attrtype><attwidth Sync="TRUE">19</attwidth><attrdef Sync="TRUE">Area of feature in internal units squared.</attrdef><attrdefs Sync="TRUE">ESRI</attrdefs><attrdomv><udom Sync="TRUE">Positive real numbers that are automatically generated.</udom></attrdomv><atnumdec Sync="TRUE">11</atnumdec></attr></detailed></eainfo><mdDateSt Sync="TRUE">20110124</mdDateSt><dataqual><lineage><procstep><procdesc Sync="TRUE">Dataset copied.</procdesc><srcused Sync="TRUE">\\TINEO\D$\INE_2002\data.mdb</srcused><date Sync="TRUE">20050930</date><time Sync="TRUE">11145300</time></procstep><procstep><procdesc Sync="TRUE">Dataset copied.</procdesc><srcused Sync="TRUE"></srcused><date Sync="TRUE">20060124</date><time Sync="TRUE">10042000</time></procstep><procstep><procdesc Sync="TRUE">Dataset copied.</procdesc><srcused Sync="TRUE">\\CANELO\D$\Trabajo\Cartografia_base_2006\Cartografia_2006_b.mdb</srcused><date Sync="TRUE">20061205</date><time Sync="TRUE">10591600</time></procstep><procstep><procdesc Sync="TRUE">Dataset copied.</procdesc><srcused Sync="TRUE">D:\Chile 2007\comunas</srcused><date Sync="TRUE">20071022</date><time Sync="TRUE">18024500</time></procstep><procstep><procdesc Sync="TRUE">Dataset copied.</procdesc><srcused Sync="TRUE"></srcused><date Sync="TRUE">20080226</date><time Sync="TRUE">16090800</time></procstep><procstep><procdesc Sync="TRUE">Dataset copied.</procdesc><srcused Sync="TRUE">\\FMARDONESG-V4\D$\nuevascapas2007\base2008.mdb</srcused><date Sync="TRUE">20080226</date><time Sync="TRUE">17191000</time></procstep><procstep><procdesc Sync="TRUE">Dataset copied.</procdesc><srcused Sync="TRUE">Server=cosmos; Service=5151; Database=sde; User=sde; Version=sde.DEFAULT</srcused><procdate Sync="TRUE">20090403</procdate><proctime Sync="TRUE">13291300</proctime></procstep><procstep><procdesc Sync="TRUE">Dataset copied.</procdesc><srcused Sync="TRUE">Server=172.21.21.39; Service=5151:sde; User=geosde; Version=SDE.DEFAULT</srcused><procdate Sync="TRUE">20090602</procdate><proctime Sync="TRUE">16435900</proctime></procstep><procstep><procdesc Sync="TRUE">Dataset copied.</procdesc><srcused Sync="TRUE">\\BCN5419\F$\database\oracle.gdb</srcused><procdate Sync="TRUE">20090616</procdate><proctime Sync="TRUE">12320100</proctime></procstep><procstep><procdesc Sync="TRUE">Dataset copied.</procdesc><srcused Sync="TRUE">Server=172.21.21.39; Service=5151:sde; User=geosde; Version=SDE.DEFAULT</srcused><procdate Sync="TRUE">20091009</procdate><proctime Sync="TRUE">13542900</proctime></procstep><procstep><procdesc Sync="TRUE">Dataset copied.</procdesc><srcused Sync="TRUE">Server=172.22.110.36; Service=5151; Database=sde; User=geosde; Version=SDE.DEFAULT</srcused><procdate Sync="TRUE">20100810</procdate><proctime Sync="TRUE">14295000</proctime></procstep><procstep><procdesc Sync="TRUE">Dataset copied.</procdesc><srcused Sync="TRUE">\\BCN5419\F\respaldobaseexplota\cosmos explotav2.gdb</srcused><procdate Sync="TRUE">20101215</procdate><proctime Sync="TRUE">17455100</proctime></procstep><procstep><procdesc Sync="TRUE">Dataset copied.</procdesc><srcused Sync="TRUE">Server=172.22.110.36; Service=5151; Database=sde; User=geosde; Version=SDE.DEFAULT</srcused><procdate Sync="TRUE">20110124</procdate><proctime Sync="TRUE">09290900</proctime></procstep></lineage></dataqual></metadata>
